"","trial","estimate.Estimate","estimate.Std. Error","estimate.z value","estimate.Pr(>|z|)"
"(Intercept)","Omitting Wolinsky_1992",-1.29495329079612,0.246028776617413,-5.26342206224859,1.41398464223083e-07
"reported.exposure_HSX:FTM","Omitting Wolinsky_1992",-0.591117966803591,0.231310477429044,-2.55551747319756,0.0106030037498488
"reported.exposure_HSX:nodirection","Omitting Wolinsky_1992",0.556823192600439,0.602987885047964,0.923440099557136,0.355777902754526
"reported.exposure_MSM","Omitting Wolinsky_1992",0.476926487692226,0.210637179901456,2.26420847409441,0.0235612956369288
"reported.exposure_MTC:IntraP","Omitting Wolinsky_1992",0.292780137555475,0.394665660346896,0.741843456302056,0.458182187794198
"reported.exposure_MTC:notiming","Omitting Wolinsky_1992",-0.117311365248332,0.510940001921523,-0.229599101278334,0.818403305296626
"reported.exposure_MTC:PostP","Omitting Wolinsky_1992",-0.223816057820126,0.930379605113407,-0.240564234845673,0.809892872640727
"reported.exposure_MTC:PreP","Omitting Wolinsky_1992",-0.260689181427643,0.389703608435011,-0.668942180121273,0.503532362046735
"reported.exposure_PWID","Omitting Wolinsky_1992",0.781579406280535,0.330226447938965,2.36679833235221,0.0179427067929588
"(Intercept)1","Omitting Briant_1995",-1.26696252967759,0.241971170002224,-5.23600613108558,1.64088504010192e-07
"reported.exposure_HSX:FTM1","Omitting Briant_1995",-0.587915105966538,0.230492257570585,-2.55069351206514,0.0107508822291929
"reported.exposure_HSX:nodirection1","Omitting Briant_1995",0.557598887782417,0.599802527128085,0.92963744326363,0.352558833909354
"reported.exposure_MSM1","Omitting Briant_1995",0.477956835201146,0.207331075290307,2.30528315416252,0.021150720374448
"reported.exposure_MTC:IntraP1","Omitting Briant_1995",0.350641547714371,0.38855627628351,0.902421525829439,0.366832990560967
"reported.exposure_MTC:notiming1","Omitting Briant_1995",-0.628015700045238,0.526967956958646,-1.19175310709551,0.233358067676961
"reported.exposure_MTC:PostP1","Omitting Briant_1995",-0.141034537262386,0.921160068600528,-0.153105352771807,0.878315194747275
"reported.exposure_MTC:PreP1","Omitting Briant_1995",-0.260101399952238,0.381666289063181,-0.681489058388338,0.49556208779069
"reported.exposure_PWID1","Omitting Briant_1995",0.758650706880033,0.324201589273346,2.34005856843714,0.0192807160249781
"(Intercept)2","Omitting Poss_1995",-1.40352872556997,0.247155596061479,-5.67872525621813,1.35702241700603e-08
"reported.exposure_HSX:FTM2","Omitting Poss_1995",-0.543656942457907,0.231778091171576,-2.34559245746596,0.0189968663483066
"reported.exposure_HSX:nodirection2","Omitting Poss_1995",0.601694382140691,0.600883460681603,1.00134954864321,0.316657846033653
"reported.exposure_MSM2","Omitting Poss_1995",0.53953027401831,0.209335775669491,2.57734385005525,0.00995628543552268
"reported.exposure_MTC:IntraP2","Omitting Poss_1995",0.328108092277248,0.385446513116589,0.851241562997361,0.394635179029207
"reported.exposure_MTC:notiming2","Omitting Poss_1995",-0.145583889569933,0.49143118454849,-0.296244711665358,0.767043205439859
"reported.exposure_MTC:PostP2","Omitting Poss_1995",-0.212000747347144,0.91523333656188,-0.23163573580431,0.816820949115318
"reported.exposure_MTC:PreP2","Omitting Poss_1995",-0.236967869896448,0.378655713393279,-0.625813533283014,0.531437254136115
"reported.exposure_PWID2","Omitting Poss_1995",0.85994702829034,0.325473379920495,2.6421424341997,0.00823834021973998
"(Intercept)3","Omitting Wade_1998",-1.2809895590326,0.244909827135315,-5.23045389405647,1.69094347012621e-07
"reported.exposure_HSX:FTM3","Omitting Wade_1998",-0.589564857246373,0.230995396141429,-2.5522796864982,0.010702056975584
"reported.exposure_HSX:nodirection3","Omitting Wade_1998",0.543553608666189,0.601621544677774,0.903480956549376,0.366270690764737
"reported.exposure_MSM3","Omitting Wade_1998",0.466749503362491,0.209477977981881,2.22815547418957,0.0258701490846777
"reported.exposure_MTC:IntraP3","Omitting Wade_1998",0.309251023188472,0.391733175325894,0.789443025679909,0.429853117096649
"reported.exposure_MTC:notiming3","Omitting Wade_1998",-0.353217612359893,0.504840419193466,-0.699661910835495,0.484138468771358
"reported.exposure_MTC:PostP3","Omitting Wade_1998",-0.228363796998366,0.925475435961656,-0.246752953265663,0.805099422577399
"reported.exposure_MTC:PreP3","Omitting Wade_1998",-0.230645387803856,0.389970662099294,-0.591442921788637,0.55422368864061
"reported.exposure_PWID3","Omitting Wade_1998",0.768337720627431,0.327934039077109,2.34296422167619,0.0191312175893353
"(Intercept)4","Omitting Long_2000",-1.36146979950191,0.249477238500249,-5.45729064377369,4.83454652463501e-08
"reported.exposure_HSX:FTM4","Omitting Long_2000",-0.411652253151062,0.237857944177002,-1.73066430291153,0.0835116555666858
"reported.exposure_HSX:nodirection4","Omitting Long_2000",0.617308774308265,0.605300669850744,1.01983824742914,0.30780518047961
"reported.exposure_MSM4","Omitting Long_2000",0.540149577817029,0.214396823226971,2.51939170407017,0.0117557796905446
"reported.exposure_MTC:IntraP4","Omitting Long_2000",0.371035541813445,0.401395470522246,0.924364047583047,0.355296806702553
"reported.exposure_MTC:notiming4","Omitting Long_2000",-0.18353931419921,0.504996575750082,-0.363446650953217,0.716271258372884
"reported.exposure_MTC:PostP4","Omitting Long_2000",-0.162831207891978,0.933878956161467,-0.174360078271026,0.861582486615984
"reported.exposure_MTC:PreP4","Omitting Long_2000",-0.157076445660746,0.415016451561647,-0.378482455501921,0.705072224640012
"reported.exposure_PWID4","Omitting Long_2000",0.847897021329713,0.333888447129399,2.53946199282873,0.0111023107642335
"(Intercept)5","Omitting Dickover_2001",-1.28725444284593,0.244912215763084,-5.25598300123646,1.47235890299971e-07
"reported.exposure_HSX:FTM5","Omitting Dickover_2001",-0.593137290632384,0.231056049965593,-2.56707102333268,0.0102561603090947
"reported.exposure_HSX:nodirection5","Omitting Dickover_2001",0.561763113659378,0.602102911020212,0.933001823072933,0.350819027070267
"reported.exposure_MSM5","Omitting Dickover_2001",0.480760578247754,0.209634223057506,2.29333059858206,0.021828978885255
"reported.exposure_MTC:IntraP5","Omitting Dickover_2001",0.511441638499764,0.424765899920463,1.20405531281002,0.228568200341772
"reported.exposure_MTC:notiming5","Omitting Dickover_2001",-0.164104283223516,0.50053879187257,-0.327855274932007,0.743021091656469
"reported.exposure_MTC:PostP5","Omitting Dickover_2001",-0.213705194037644,0.927042805184466,-0.230523545237072,0.817684969646945
"reported.exposure_MTC:PreP5","Omitting Dickover_2001",-0.269424180813098,0.410073042229736,-0.657015099915197,0.511171207316897
"reported.exposure_PWID5","Omitting Dickover_2001",0.795503765016232,0.329153616134541,2.41681611874217,0.015656924347521
"(Intercept)6","Omitting Delwart_2002",-1.30596409685183,0.246340096588461,-5.30146782816925,1.14875293965115e-07
"reported.exposure_HSX:FTM6","Omitting Delwart_2002",-0.577361859139696,0.23165053694073,-2.49238299537125,0.0126889129651186
"reported.exposure_HSX:nodirection6","Omitting Delwart_2002",0.552607091835668,0.602559098392183,0.91710023682357,0.359090116983436
"reported.exposure_MSM6","Omitting Delwart_2002",0.479966559992121,0.21048942528106,2.28024072635116,0.0225934151146018
"reported.exposure_MTC:IntraP6","Omitting Delwart_2002",0.292395227511344,0.394213495532531,0.741717954420501,0.458258239244627
"reported.exposure_MTC:notiming6","Omitting Delwart_2002",-0.227293684239568,0.497935201307772,-0.456472415773389,0.648050302163523
"reported.exposure_MTC:PostP6","Omitting Delwart_2002",-0.236205643352999,0.928820211660947,-0.254307174184559,0.799258257762417
"reported.exposure_MTC:PreP6","Omitting Delwart_2002",-0.270306338400732,0.389710389854674,-0.693608242011539,0.487927923554327
"reported.exposure_PWID6","Omitting Delwart_2002",0.784954835029739,0.329499195665111,2.38226631614462,0.0172064487843221
"(Intercept)7","Omitting Nowak_2002",-1.28835837957513,0.245519535599748,-5.24747807309089,1.54195394772171e-07
"reported.exposure_HSX:FTM7","Omitting Nowak_2002",-0.591343059956009,0.231108113792489,-2.55872911708749,0.0105055566704904
"reported.exposure_HSX:nodirection7","Omitting Nowak_2002",0.554232075539586,0.602026891593994,0.920610164227281,0.357253993618405
"reported.exposure_MSM7","Omitting Nowak_2002",0.474417975110915,0.209594028140197,2.26350902895753,0.0236043286629169
"reported.exposure_MTC:IntraP7","Omitting Nowak_2002",0.294553134902598,0.392592078253972,0.750277835998638,0.453087388550539
"reported.exposure_MTC:notiming7","Omitting Nowak_2002",-0.325053320341962,0.520552622044793,-0.624438926203298,0.532339367693182
"reported.exposure_MTC:PostP7","Omitting Nowak_2002",-0.219966475031093,0.927517154872674,-0.237156233580703,0.812535588347998
"reported.exposure_MTC:PreP7","Omitting Nowak_2002",-0.257327629709478,0.387580134952458,-0.663934001006121,0.506732553384675
"reported.exposure_PWID7","Omitting Nowak_2002",0.774107985604279,0.32845957274872,2.35678314724136,0.0184340081799999
"(Intercept)8","Omitting Long_2002",-1.29118041722977,0.244395655462514,-5.28315617880456,1.26977052610681e-07
"reported.exposure_HSX:FTM8","Omitting Long_2002",-0.600335132449433,0.231159998178812,-2.59705458201747,0.00940269813942073
"reported.exposure_HSX:nodirection8","Omitting Long_2002",0.536628891847387,0.601528917081549,0.892108220583909,0.372334929091269
"reported.exposure_MSM8","Omitting Long_2002",0.46654897643425,0.209027110220376,2.23200223139654,0.0256148154552435
"reported.exposure_MTC:IntraP8","Omitting Long_2002",0.283971373352947,0.391012573654019,0.726246142673187,0.467687889374546
"reported.exposure_MTC:notiming8","Omitting Long_2002",-0.250216359311717,0.494829548283813,-0.505661717614735,0.613094147195282
"reported.exposure_MTC:PostP8","Omitting Long_2002",-0.248290038785769,0.924561490994013,-0.268548972896143,0.78827678380825
"reported.exposure_MTC:PreP8","Omitting Long_2002",-0.276111486356927,0.384917203215306,-0.71732695772104,0.473172377226388
"reported.exposure_PWID8","Omitting Long_2002",0.769709795449035,0.327266222507011,2.35193778799627,0.0186758981987502
"(Intercept)9","Omitting Learn_2002",-1.30335834031454,0.248971444330882,-5.23497119847361,1.65010592503638e-07
"reported.exposure_HSX:FTM9","Omitting Learn_2002",-0.591250829720647,0.231375830495745,-2.55536988653411,0.0106075010533893
"reported.exposure_HSX:nodirection9","Omitting Learn_2002",0.552532766471796,0.603129844403263,0.91610914564918,0.359609651418484
"reported.exposure_MSM9","Omitting Learn_2002",0.479433658584576,0.21486183933735,2.23135788124678,0.025657432448159
"reported.exposure_MTC:IntraP9","Omitting Learn_2002",0.288371138669335,0.394901064818744,0.730236417067386,0.465245686000622
"reported.exposure_MTC:notiming9","Omitting Learn_2002",-0.22376997256709,0.501499803786969,-0.446201515688219,0.655451688172826
"reported.exposure_MTC:PostP9","Omitting Learn_2002",-0.237682704807857,0.931049611685291,-0.255284682819026,0.798503229446878
"reported.exposure_MTC:PreP9","Omitting Learn_2002",-0.275444298135096,0.39503036134861,-0.697273741680881,0.485631497710788
"reported.exposure_PWID9","Omitting Learn_2002",0.784420357741602,0.330877763505069,2.37072551939437,0.0177532096850005
"(Intercept)10","Omitting Renjifo_2003",-1.30129320989638,0.240669977003447,-5.40696112618044,6.41030494020029e-08
"reported.exposure_HSX:FTM10","Omitting Renjifo_2003",-0.585104946040521,0.230552894351,-2.53783387837128,0.0111540916162068
"reported.exposure_HSX:nodirection10","Omitting Renjifo_2003",0.543539671095377,0.599771716247405,0.906244253223785,0.364806584735835
"reported.exposure_MSM10","Omitting Renjifo_2003",0.477627737261478,0.205992078562289,2.31867041002283,0.0204129141273266
"reported.exposure_MTC:IntraP10","Omitting Renjifo_2003",0.38461901651331,0.387080597462866,0.993640650123797,0.32039784640903
"reported.exposure_MTC:notiming10","Omitting Renjifo_2003",-0.245688503502765,0.488513480074833,-0.502930857640058,0.61501288506703
"reported.exposure_MTC:PostP10","Omitting Renjifo_2003",-0.204066716877546,0.913533552239208,-0.223381742659969,0.823238412595821
"reported.exposure_MTC:PreP10","Omitting Renjifo_2003",0.0604893198453807,0.421672967732723,0.143450788820121,0.88593417402555
"reported.exposure_PWID10","Omitting Renjifo_2003",0.77195261583033,0.322215894142979,2.39576206469749,0.016585852997716
"(Intercept)11","Omitting Verhofstede_2003",-1.3287348445318,0.244268883620301,-5.4396402228506,5.33882747916878e-08
"reported.exposure_HSX:FTM11","Omitting Verhofstede_2003",-0.584235507575588,0.231202503360719,-2.52694282753535,0.0115060231749462
"reported.exposure_HSX:nodirection11","Omitting Verhofstede_2003",0.592880131024258,0.600170006730307,0.987853648759018,0.32322432867529
"reported.exposure_MSM11","Omitting Verhofstede_2003",0.503075733214476,0.208709775179871,2.41040810273939,0.0159346851106829
"reported.exposure_MTC:IntraP11","Omitting Verhofstede_2003",0.214563567047176,0.413978369537957,0.518296565317291,0.604251368973372
"reported.exposure_MTC:notiming11","Omitting Verhofstede_2003",-0.146784939505492,0.496742077577226,-0.295495280410733,0.767615557155795
"reported.exposure_MTC:PostP11","Omitting Verhofstede_2003",-0.0941387945971598,0.925116910930567,-0.101758808519095,0.918948121907787
"reported.exposure_MTC:PreP11","Omitting Verhofstede_2003",-0.623925812037529,0.408110689755951,-1.52881516632322,0.126310271487153
"reported.exposure_PWID11","Omitting Verhofstede_2003",0.793324658273948,0.326158845647726,2.43232605480458,0.015002195483723
"(Intercept)12","Omitting Sagar_2003",-1.30883541148308,0.253011486216131,-5.17302764019586,2.30330925378549e-07
"reported.exposure_HSX:FTM12","Omitting Sagar_2003",-0.590159836062927,0.234661115595159,-2.51494515640623,0.0119050901648983
"reported.exposure_HSX:nodirection12","Omitting Sagar_2003",0.568901476699348,0.60579218898041,0.939103354331538,0.347677682244857
"reported.exposure_MSM12","Omitting Sagar_2003",0.485613754804775,0.219255954546199,2.21482584502603,0.0267720205377982
"reported.exposure_MTC:IntraP12","Omitting Sagar_2003",0.302370744586244,0.423997725157633,0.713142374699838,0.475757660381118
"reported.exposure_MTC:notiming12","Omitting Sagar_2003",-0.195414906350202,0.519648144642692,-0.376052350739303,0.70687797724075
"reported.exposure_MTC:PostP12","Omitting Sagar_2003",-0.224172657604758,0.942004308573691,-0.237974131927467,0.81190115764158
"reported.exposure_MTC:PreP12","Omitting Sagar_2003",-0.257062430024809,0.409200986839413,-0.628205792000427,0.529869136513061
"reported.exposure_PWID12","Omitting Sagar_2003",0.798320599758983,0.340412054140971,2.34515960891439,0.0190189359730111
"(Intercept)13","Omitting Derdeyn_2004",-1.26058948243156,0.244314263450969,-5.15970481880827,2.47339500785011e-07
"reported.exposure_HSX:FTM13","Omitting Derdeyn_2004",-0.589801486739267,0.231314182534258,-2.54978523269716,0.0107789297547762
"reported.exposure_HSX:nodirection13","Omitting Derdeyn_2004",0.50352320489267,0.601725243327019,0.836799204415329,0.402705444682388
"reported.exposure_MSM13","Omitting Derdeyn_2004",0.444921171218746,0.208935564124097,2.12946595800457,0.0332157284566211
"reported.exposure_MTC:IntraP13","Omitting Derdeyn_2004",0.237367394866084,0.39077513020279,0.607427076392769,0.543567524020938
"reported.exposure_MTC:notiming13","Omitting Derdeyn_2004",-0.270079148337738,0.491580018508297,-0.54941034657449,0.582723875179281
"reported.exposure_MTC:PostP13","Omitting Derdeyn_2004",-0.346222968280566,0.924317123701186,-0.374571626342057,0.707979078088584
"reported.exposure_MTC:PreP13","Omitting Derdeyn_2004",-0.301600858602964,0.382244905457863,-0.789025188554699,0.430097284754256
"reported.exposure_PWID13","Omitting Derdeyn_2004",0.757889920393779,0.325785326354079,2.32634762552217,0.0200000132471136
"(Intercept)14","Omitting Sagar_2004",-1.25356851497255,0.243743572802611,-5.14298079969359,2.70413268318548e-07
"reported.exposure_HSX:FTM14","Omitting Sagar_2004",-0.569239213689848,0.237321826772117,-2.39859612338332,0.0164580561904741
"reported.exposure_HSX:nodirection14","Omitting Sagar_2004",0.504598785599988,0.601102644459748,0.839455274820002,0.401213877057628
"reported.exposure_MSM14","Omitting Sagar_2004",0.451715727090702,0.209116187232252,2.16011841584033,0.0307635037303384
"reported.exposure_MTC:IntraP14","Omitting Sagar_2004",0.352184009262685,0.392186377367707,0.898001637962257,0.369184676221265
"reported.exposure_MTC:notiming14","Omitting Sagar_2004",-0.247003890629766,0.493659675070112,-0.500352577096124,0.616826838997445
"reported.exposure_MTC:PostP14","Omitting Sagar_2004",-0.2574842759125,0.920550913866625,-0.27970671913298,0.779702522896055
"reported.exposure_MTC:PreP14","Omitting Sagar_2004",-0.23619242558858,0.383855351936915,-0.615316223668017,0.538345905431061
"reported.exposure_PWID14","Omitting Sagar_2004",0.474794847806447,0.347628365517847,1.36581158185744,0.171998110219605
"(Intercept)15","Omitting Ritola_2004",-1.316594433258,0.245493790280549,-5.36304576891089,8.18302609827147e-08
"reported.exposure_HSX:FTM15","Omitting Ritola_2004",-0.544557955972193,0.232607641350265,-2.34110088908123,0.0192269706825061
"reported.exposure_HSX:nodirection15","Omitting Ritola_2004",0.55334277927356,0.601788746187159,0.919496721697531,0.35783581956582
"reported.exposure_MSM15","Omitting Ritola_2004",0.512981269414054,0.214233086320981,2.39450067318484,0.0166430128969297
"reported.exposure_MTC:IntraP15","Omitting Ritola_2004",0.250310911394021,0.392311006322925,0.638042031346887,0.523446319901798
"reported.exposure_MTC:notiming15","Omitting Ritola_2004",-0.172636800101708,0.493653191786114,-0.349712719322408,0.726554307087433
"reported.exposure_MTC:PostP15","Omitting Ritola_2004",-0.252985159311665,0.922715211507582,-0.274174692425763,0.783950375707005
"reported.exposure_MTC:PreP15","Omitting Ritola_2004",-0.382390955882269,0.393410239336635,-0.971990349125263,0.331055349778279
"reported.exposure_PWID15","Omitting Ritola_2004",0.795372767144886,0.327301984855791,2.43008843192725,0.0150951392556749
"(Intercept)16","Omitting Gottlieb_2008",-1.34735543975335,0.256082500374274,-5.26141160674445,1.42953610400787e-07
"reported.exposure_HSX:FTM16","Omitting Gottlieb_2008",-0.587274041900895,0.231643950601267,-2.53524445761064,0.0112368879825161
"reported.exposure_HSX:nodirection16","Omitting Gottlieb_2008",0.543012265395459,0.603360271385609,0.899980146436287,0.368130816268836
"reported.exposure_MSM16","Omitting Gottlieb_2008",0.45485224983989,0.214143854558696,2.12404997928725,0.0336659645556443
"reported.exposure_MTC:IntraP16","Omitting Gottlieb_2008",0.288066893922569,0.395111042268758,0.729078317498966,0.465953756965775
"reported.exposure_MTC:notiming16","Omitting Gottlieb_2008",-0.20440500976249,0.499882874543107,-0.408905806083708,0.68260878798323
"reported.exposure_MTC:PostP16","Omitting Gottlieb_2008",-0.234029854199983,0.93150971029072,-0.251237160079569,0.801630756101778
"reported.exposure_MTC:PreP16","Omitting Gottlieb_2008",-0.286051220183198,0.390814282733626,-0.731936453760996,0.464207354873735
"reported.exposure_PWID16","Omitting Gottlieb_2008",0.789876246630072,0.33066197289895,2.38877255737979,0.0169047640293654
"(Intercept)17","Omitting Keele_2008",-1.31800644243707,0.253662302015186,-5.19590980593628,2.03721019307777e-07
"reported.exposure_HSX:FTM17","Omitting Keele_2008",-0.585261958404458,0.239295708370719,-2.4457687201718,0.0144543689237255
"reported.exposure_HSX:nodirection17","Omitting Keele_2008",0.550521942536981,0.602595720264227,0.91358422242957,0.360935359914605
"reported.exposure_MSM17","Omitting Keele_2008",0.450649592379336,0.21684003183557,2.07825828360449,0.0376855764915284
"reported.exposure_MTC:IntraP17","Omitting Keele_2008",0.27718528647512,0.392488852808867,0.706224608651759,0.480048469069197
"reported.exposure_MTC:notiming17","Omitting Keele_2008",-0.205847548044211,0.497615314356918,-0.413668032524749,0.679117241711635
"reported.exposure_MTC:PostP17","Omitting Keele_2008",-0.2603125906595,0.926484473777941,-0.280968109047763,0.778734860219084
"reported.exposure_MTC:PreP17","Omitting Keele_2008",-0.267639155171664,0.386518985549459,-0.692434693191588,0.488664384978042
"reported.exposure_PWID17","Omitting Keele_2008",0.755162454246391,0.330943424754872,2.28184758408703,0.0224983403370061
"(Intercept)18","Omitting Kwiek_2008",-1.26057780878669,0.240304079558348,-5.24576116686614,1.55638414151744e-07
"reported.exposure_HSX:FTM18","Omitting Kwiek_2008",-0.593133542507082,0.22951423420263,-2.58429959504571,0.00975769930927451
"reported.exposure_HSX:nodirection18","Omitting Kwiek_2008",0.460041467393393,0.602813292695774,0.763157470095082,0.44536948935743
"reported.exposure_MSM18","Omitting Kwiek_2008",0.444118412446142,0.206012805102407,2.15578061871142,0.0311007995603047
"reported.exposure_MTC:IntraP18","Omitting Kwiek_2008",-0.302345677269877,0.493126018943932,-0.613120512110422,0.539796658220079
"reported.exposure_MTC:notiming18","Omitting Kwiek_2008",-0.236466713943828,0.491223601976159,-0.481383046320532,0.630244283795809
"reported.exposure_MTC:PostP18","Omitting Kwiek_2008",-0.406259010961738,0.913879279764621,-0.444543409569778,0.656649751427872
"reported.exposure_MTC:PreP18","Omitting Kwiek_2008",-0.36168528394396,0.427094633679895,-0.846850452855469,0.397078482331491
"reported.exposure_PWID18","Omitting Kwiek_2008",0.753832721250762,0.322447565148718,2.3378459096228,0.0193952430619548
"(Intercept)19","Omitting SalazarGonzalez_2008",-1.31225334034876,0.25197105328754,-5.20795275182371,1.90935525259538e-07
"reported.exposure_HSX:FTM19","Omitting SalazarGonzalez_2008",-0.655657558492558,0.235977787530159,-2.7784715051147,0.00546153032694742
"reported.exposure_HSX:nodirection19","Omitting SalazarGonzalez_2008",0.548076030671378,0.603556402409797,0.908077569027675,0.363837240609662
"reported.exposure_MSM19","Omitting SalazarGonzalez_2008",0.473753563984725,0.212531047660084,2.22910284968073,0.0258070623610341
"reported.exposure_MTC:IntraP19","Omitting SalazarGonzalez_2008",0.282206166727402,0.395588800585513,0.713382599076887,0.475609037759913
"reported.exposure_MTC:notiming19","Omitting SalazarGonzalez_2008",-0.220740255751077,0.501989675451468,-0.439730668867946,0.660132187273317
"reported.exposure_MTC:PostP19","Omitting SalazarGonzalez_2008",-0.24125124835904,0.931961965392128,-0.258863834917911,0.795740302819821
"reported.exposure_MTC:PreP19","Omitting SalazarGonzalez_2008",-0.283421432686101,0.39024458409527,-0.726266152656996,0.467675624787708
"reported.exposure_PWID19","Omitting SalazarGonzalez_2008",0.781663434879557,0.332505044396858,2.35083180857434,0.0187314985889624
"(Intercept)20","Omitting Abrahams_2009",-1.28583631479265,0.266720389088545,-4.82091496336929,1.42901267552494e-06
"reported.exposure_HSX:FTM20","Omitting Abrahams_2009",-0.80654605227492,0.255628249087004,-3.15515227740111,0.00160414355888151
"reported.exposure_HSX:nodirection20","Omitting Abrahams_2009",0.52595101961625,0.605780674107215,0.868220202619346,0.385273796555798
"reported.exposure_MSM20","Omitting Abrahams_2009",0.443135861517917,0.21790784968829,2.03359292541232,0.0419926557259279
"reported.exposure_MTC:IntraP20","Omitting Abrahams_2009",0.249492370448698,0.401814012972921,0.620915056204153,0.534655514232107
"reported.exposure_MTC:notiming20","Omitting Abrahams_2009",-0.239002627082334,0.510461387587999,-0.468209022060718,0.639635120928658
"reported.exposure_MTC:PostP20","Omitting Abrahams_2009",-0.265202894345479,0.94159405306616,-0.281653111000314,0.778209511384699
"reported.exposure_MTC:PreP20","Omitting Abrahams_2009",-0.314770091858921,0.397246268007894,-0.792380236666353,0.428138999554301
"reported.exposure_PWID20","Omitting Abrahams_2009",0.752259095050288,0.339400788212154,2.21643296414522,0.0266618641870557
"(Intercept)21","Omitting Kearney_2009",-1.3060241080888,0.24510846938074,-5.32835161260821,9.91081193196075e-08
"reported.exposure_HSX:FTM21","Omitting Kearney_2009",-0.582774435727103,0.231337874873153,-2.51914839300157,0.011763906664233
"reported.exposure_HSX:nodirection21","Omitting Kearney_2009",0.559422351892796,0.601621866942884,0.929857079057775,0.352445088311644
"reported.exposure_MSM21","Omitting Kearney_2009",0.467438457273649,0.209732453222199,2.2287368983303,0.0258314156562952
"reported.exposure_MTC:IntraP21","Omitting Kearney_2009",0.322642000660208,0.392696908290098,0.82160565527514,0.411301369620524
"reported.exposure_MTC:notiming21","Omitting Kearney_2009",-0.217512660970868,0.497095413548656,-0.437567225611865,0.661700033884914
"reported.exposure_MTC:PostP21","Omitting Kearney_2009",-0.179677412729879,0.927184501260663,-0.193788196939851,0.846341729299473
"reported.exposure_MTC:PreP21","Omitting Kearney_2009",-0.263770511001824,0.386730461378446,-0.68205258531136,0.495205700503799
"reported.exposure_PWID21","Omitting Kearney_2009",0.786763419433044,0.329139090051147,2.39036760814641,0.0168315162889572
"(Intercept)22","Omitting SalazarGonzalez_2009",-1.29238126268614,0.245599239655721,-5.2621549826367,1.42376669447124e-07
"reported.exposure_HSX:FTM22","Omitting SalazarGonzalez_2009",-0.59176859365985,0.231115421019128,-2.56048943445826,0.0104524841686549
"reported.exposure_HSX:nodirection22","Omitting SalazarGonzalez_2009",0.546545498945168,0.602344762572352,0.90736324594425,0.364214738821686
"reported.exposure_MSM22","Omitting SalazarGonzalez_2009",0.476235934759385,0.209909395740094,2.2687690233221,0.023282375651978
"reported.exposure_MTC:IntraP22","Omitting SalazarGonzalez_2009",0.289901567004126,0.392979461210742,0.737701573794618,0.460695815556154
"reported.exposure_MTC:notiming22","Omitting SalazarGonzalez_2009",-0.232326158635421,0.4973393714245,-0.467138079114837,0.640401091792509
"reported.exposure_MTC:PostP22","Omitting SalazarGonzalez_2009",-0.242414070759628,0.928153606513192,-0.261178827576083,0.79395460475963
"reported.exposure_MTC:PreP22","Omitting SalazarGonzalez_2009",-0.274885741487158,0.387426935136002,-0.709516341166788,0.478004114462444
"reported.exposure_PWID22","Omitting SalazarGonzalez_2009",0.778939095745377,0.329112428106289,2.36678724114853,0.0179432444722189
"(Intercept)23","Omitting Novitsky_2009",-1.30855017799669,0.247964410692296,-5.27716930967362,1.31194662703146e-07
"reported.exposure_HSX:FTM23","Omitting Novitsky_2009",-0.616412769317214,0.233734210960616,-2.63723811240058,0.00835841375561248
"reported.exposure_HSX:nodirection23","Omitting Novitsky_2009",0.554623611536471,0.603338566735485,0.919257680703889,0.357960807410083
"reported.exposure_MSM23","Omitting Novitsky_2009",0.486303809651625,0.212394881097833,2.28962113935139,0.0220432884728377
"reported.exposure_MTC:IntraP23","Omitting Novitsky_2009",0.290605978172976,0.394903737406104,0.735890675742398,0.461797232194015
"reported.exposure_MTC:notiming23","Omitting Novitsky_2009",-0.231486249547432,0.499481875126605,-0.463452751891661,0.643039874229111
"reported.exposure_MTC:PostP23","Omitting Novitsky_2009",-0.230207413438543,0.931011965529938,-0.247265794599651,0.804702528940159
"reported.exposure_MTC:PreP23","Omitting Novitsky_2009",-0.269250739569974,0.389503118669345,-0.691267223969379,0.489397625198391
"reported.exposure_PWID23","Omitting Novitsky_2009",0.786531036289509,0.331249970564379,2.37443352809791,0.017575900542837
"(Intercept)24","Omitting Haaland_2009",-1.32588230371404,0.247138537818279,-5.36493545449783,8.09781715967865e-08
"reported.exposure_HSX:FTM24","Omitting Haaland_2009",-0.519813598280201,0.234030809978522,-2.2211331846773,0.0263419419998797
"reported.exposure_HSX:nodirection24","Omitting Haaland_2009",0.501699061484637,0.604745417966503,0.829603741639967,0.406762860600782
"reported.exposure_MSM24","Omitting Haaland_2009",0.46747077072126,0.211002237487357,2.21547778965742,0.0267272871762434
"reported.exposure_MTC:IntraP24","Omitting Haaland_2009",0.222800547951925,0.393025587891502,0.566885604439148,0.570791905208428
"reported.exposure_MTC:notiming24","Omitting Haaland_2009",-0.22776092959219,0.49426877068936,-0.460803803717016,0.644939372514211
"reported.exposure_MTC:PostP24","Omitting Haaland_2009",-0.394893216544451,0.928336517551169,-0.42537723021618,0.670561702096062
"reported.exposure_MTC:PreP24","Omitting Haaland_2009",-0.318684900532976,0.384935138147773,-0.827892465381105,0.40773140238092
"reported.exposure_PWID24","Omitting Haaland_2009",0.78911716947799,0.328754313308114,2.40032491600624,0.0163805248393628
"(Intercept)25","Omitting Bar_2010",-1.24131102081532,0.244785774761317,-5.07100962883031,3.95710748475337e-07
"reported.exposure_HSX:FTM25","Omitting Bar_2010",-0.60041634409848,0.230787202401086,-2.60160155265028,0.00927895884342219
"reported.exposure_HSX:nodirection25","Omitting Bar_2010",0.536053406988724,0.60096181363975,0.891992460788972,0.372396973416517
"reported.exposure_MSM25","Omitting Bar_2010",0.467789950921436,0.207682634958018,2.25242688689884,0.0242953082197541
"reported.exposure_MTC:IntraP25","Omitting Bar_2010",0.259574443031833,0.388836312504064,0.66756739194496,0.504409778129759
"reported.exposure_MTC:notiming25","Omitting Bar_2010",-0.314198436218634,0.495117133389048,-0.634594149606505,0.525693144771664
"reported.exposure_MTC:PostP25","Omitting Bar_2010",-0.264556461784846,0.919731707507692,-0.287645255268786,0.773618299499296
"reported.exposure_MTC:PreP25","Omitting Bar_2010",-0.259301443457318,0.381275345919186,-0.680089720546156,0.496447652862986
"reported.exposure_PWID25","Omitting Bar_2010",0.583247869374678,0.348174223068532,1.67516097037395,0.0939026529985648
"(Intercept)26","Omitting Zhang_2010",-1.30619335430463,0.242258049008048,-5.39174388489042,6.97771732479492e-08
"reported.exposure_HSX:FTM26","Omitting Zhang_2010",-0.586570873646845,0.23036609421307,-2.54625523626022,0.0108885541662274
"reported.exposure_HSX:nodirection26","Omitting Zhang_2010",0.502807887652851,0.600763624580847,0.836947956034556,0.40262182257878
"reported.exposure_MSM26","Omitting Zhang_2010",0.466874923114651,0.207027250323274,2.25513753568974,0.0241246972285409
"reported.exposure_MTC:IntraP26","Omitting Zhang_2010",0.479547217430892,0.400408605633629,1.1976446327172,0.231055392532005
"reported.exposure_MTC:notiming26","Omitting Zhang_2010",-0.245161108178103,0.489431140538555,-0.500910317860722,0.616434240682656
"reported.exposure_MTC:PostP26","Omitting Zhang_2010",-0.300553769396317,0.918047332265484,-0.327383740285628,0.743377662859804
"reported.exposure_MTC:PreP26","Omitting Zhang_2010",-0.251366550452401,0.381377283935062,-0.659102052064544,0.509830238031717
"reported.exposure_PWID26","Omitting Zhang_2010",0.766779513322519,0.323983658114879,2.3667228087493,0.0179463683045967
"(Intercept)27","Omitting Li_2010",-1.29336165659469,0.251867651599243,-5.13508443177376,2.82017385947855e-07
"reported.exposure_HSX:FTM27","Omitting Li_2010",-0.594890768421828,0.231551434962859,-2.56915172439873,0.010194781060377
"reported.exposure_HSX:nodirection27","Omitting Li_2010",0.558494847221666,0.603861071697594,0.924873076602881,0.3550319327846
"reported.exposure_MSM27","Omitting Li_2010",0.463824716174484,0.214942395760778,2.1579024209384,0.030935419242958
"reported.exposure_MTC:IntraP27","Omitting Li_2010",0.281924861265787,0.396869247222409,0.710372152135521,0.477473387477497
"reported.exposure_MTC:notiming27","Omitting Li_2010",-0.211947819135185,0.502444066830627,-0.421833658962546,0.673146435779979
"reported.exposure_MTC:PostP27","Omitting Li_2010",-0.249975267680396,0.934479926413071,-0.267502019695497,0.789082659323486
"reported.exposure_MTC:PreP27","Omitting Li_2010",-0.261619933082988,0.392394594320447,-0.666726649321111,0.504946753181434
"reported.exposure_PWID27","Omitting Li_2010",0.791346508792633,0.332277823323261,2.38158087373397,0.017238505067833
"(Intercept)28","Omitting Masharsky_2010",-1.27571414635843,0.247062146820377,-5.16353542125547,2.4232869950286e-07
"reported.exposure_HSX:FTM28","Omitting Masharsky_2010",-0.594090892134017,0.231282684706171,-2.56867864055094,0.0102087079117901
"reported.exposure_HSX:nodirection28","Omitting Masharsky_2010",0.554481672611726,0.603208982556583,0.919219853559979,0.357980588682046
"reported.exposure_MSM28","Omitting Masharsky_2010",0.475386940979574,0.211097018147468,2.25198321203892,0.0243233329371531
"reported.exposure_MTC:IntraP28","Omitting Masharsky_2010",0.292086134280391,0.395685444921132,0.738177605543741,0.460406529568373
"reported.exposure_MTC:notiming28","Omitting Masharsky_2010",-0.231187133288333,0.500106218901259,-0.462276061665969,0.643883363983517
"reported.exposure_MTC:PostP28","Omitting Masharsky_2010",-0.241124201501774,0.932288308903596,-0.258636946531427,0.7959153737085
"reported.exposure_MTC:PreP28","Omitting Masharsky_2010",-0.26173417893093,0.390653095139053,-0.6699913099057,0.502863329918328
"reported.exposure_PWID28","Omitting Masharsky_2010",0.866355105418904,0.353860035018782,2.44829881784452,0.0143532561939078
"(Intercept)29","Omitting Nofemela_2011",-1.32373346336564,0.256730783035531,-5.15611508567104,2.52125971225098e-07
"reported.exposure_HSX:FTM29","Omitting Nofemela_2011",-0.584500267609734,0.232841153613285,-2.51029621928649,0.0120629923828356
"reported.exposure_HSX:nodirection29","Omitting Nofemela_2011",0.568415093654391,0.604683041505786,0.940021556151004,0.347206503721371
"reported.exposure_MSM29","Omitting Nofemela_2011",0.487999509220494,0.215104771253244,2.26865962283081,0.0232890328034772
"reported.exposure_MTC:IntraP29","Omitting Nofemela_2011",0.289718799868405,0.397207332274403,0.72938935494841,0.465763527516244
"reported.exposure_MTC:notiming29","Omitting Nofemela_2011",-0.231550559983619,0.506422475935134,-0.457228047700786,0.647507140526068
"reported.exposure_MTC:PostP29","Omitting Nofemela_2011",-0.223980528927993,0.933882336031187,-0.239838061269973,0.810455799328253
"reported.exposure_MTC:PreP29","Omitting Nofemela_2011",-0.251546984121382,0.392024031956649,-0.641662152358042,0.521092568423821
"reported.exposure_PWID29","Omitting Nofemela_2011",0.793922430837412,0.335531127913876,2.36616625042668,0.0179733713814944
"(Intercept)30","Omitting Rolland_2011",-1.27992236190551,0.236457482254713,-5.41290700425698,6.20096991609383e-08
"reported.exposure_HSX:FTM30","Omitting Rolland_2011",-0.595609941120575,0.229613480861428,-2.59396764896407,0.00948754137678341
"reported.exposure_HSX:nodirection30","Omitting Rolland_2011",0.4951124613836,0.597996304807923,0.827952375964314,0.407697471211265
"reported.exposure_MSM30","Omitting Rolland_2011",0.463056116467749,0.203071010947783,2.28026695837358,0.0225918602153575
"reported.exposure_MTC:IntraP30","Omitting Rolland_2011",0.30847469934201,0.374716105302633,0.823222420858787,0.410381521043546
"reported.exposure_MTC:notiming30","Omitting Rolland_2011",-0.243035948230884,0.478415064578209,-0.508002289696196,0.611451737456169
"reported.exposure_MTC:PostP30","Omitting Rolland_2011",-0.27586792715415,0.899133218957405,-0.306815409927835,0.758983878195821
"reported.exposure_MTC:PreP30","Omitting Rolland_2011",-0.339918882686579,0.367974610949456,-0.923756347780389,0.355613187339197
"reported.exposure_PWID30","Omitting Rolland_2011",0.762387548057761,0.315936091284115,2.41310685638685,0.0158171815810819
"(Intercept)31","Omitting CollinsFairclough_2011",-1.27887208367276,0.244257632624128,-5.23575075191504,1.64315573736365e-07
"reported.exposure_HSX:FTM31","Omitting CollinsFairclough_2011",-0.578604017194236,0.231352233361696,-2.50096577321407,0.0123855147701207
"reported.exposure_HSX:nodirection31","Omitting CollinsFairclough_2011",0.642684916206805,0.679505470771823,0.945812718000349,0.344244117602135
"reported.exposure_MSM31","Omitting CollinsFairclough_2011",0.502826315590474,0.21050178124929,2.38870337631487,0.0169079472749741
"reported.exposure_MTC:IntraP31","Omitting CollinsFairclough_2011",0.304029656601114,0.391155712232386,0.777259917453256,0.437005438062546
"reported.exposure_MTC:notiming31","Omitting CollinsFairclough_2011",-0.268232964373608,0.494806677905081,-0.542096492127505,0.587752035138549
"reported.exposure_MTC:PostP31","Omitting CollinsFairclough_2011",-0.218050780326501,0.924820364834647,-0.235776361137428,0.813606212159556
"reported.exposure_MTC:PreP31","Omitting CollinsFairclough_2011",-0.275255670858377,0.384922068424747,-0.715094543643165,0.47455062528872
"reported.exposure_PWID31","Omitting CollinsFairclough_2011",0.761384181569264,0.327535689380251,2.32458387362282,0.0200942219271892
"(Intercept)32","Omitting Cornelissen_2011",-1.29426492862154,0.241243661531688,-5.36496967590393,8.09628201065835e-08
"reported.exposure_HSX:FTM32","Omitting Cornelissen_2011",-0.584485961176821,0.230490098378041,-2.53583978353018,0.0112178043539482
"reported.exposure_HSX:nodirection32","Omitting Cornelissen_2011",0.556420765174672,0.600476727761771,0.926631690205023,0.354117795334858
"reported.exposure_MSM32","Omitting Cornelissen_2011",0.517040098068735,0.208169574055067,2.48374480476173,0.0130008939434779
"reported.exposure_MTC:IntraP32","Omitting Cornelissen_2011",0.311652900417879,0.385154477172588,0.809163384794895,0.418421173021998
"reported.exposure_MTC:notiming32","Omitting Cornelissen_2011",-0.201517554800365,0.488691688774031,-0.412361330117783,0.680074602213867
"reported.exposure_MTC:PostP32","Omitting Cornelissen_2011",-0.249854443634129,0.91546170909321,-0.27292724660392,0.784909141589333
"reported.exposure_MTC:PreP32","Omitting Cornelissen_2011",-0.275969622250683,0.378630051931799,-0.728863493118588,0.466085168018148
"reported.exposure_PWID32","Omitting Cornelissen_2011",0.779995448743739,0.322512794456032,2.41849459045283,0.0155848772907622
"(Intercept)33","Omitting Novitsky_2011",-1.31786033035526,0.249791264066777,-5.27584635627191,1.32144770690318e-07
"reported.exposure_HSX:FTM33","Omitting Novitsky_2011",-0.666674676172397,0.238605981146943,-2.79404008637082,0.005205402560079
"reported.exposure_HSX:nodirection33","Omitting Novitsky_2011",0.562626990141948,0.603763120652639,0.931867103001878,0.351405210577298
"reported.exposure_MSM33","Omitting Novitsky_2011",0.480976870671286,0.212316553125447,2.26537622051118,0.0234896023063637
"reported.exposure_MTC:IntraP33","Omitting Novitsky_2011",0.281901662601115,0.395689843613171,0.712430877747532,0.476198000481505
"reported.exposure_MTC:notiming33","Omitting Novitsky_2011",-0.20049398675867,0.502277297344206,-0.399169916336619,0.68976800827569
"reported.exposure_MTC:PostP33","Omitting Novitsky_2011",-0.245658018020432,0.932227852847822,-0.263517140439413,0.79215201412147
"reported.exposure_MTC:PreP33","Omitting Novitsky_2011",-0.270688179914949,0.390652470936435,-0.692913011060909,0.488364143937734
"reported.exposure_PWID33","Omitting Novitsky_2011",0.798524742210398,0.332492805036522,2.40163014090692,0.0163222020402633
"(Intercept)34","Omitting Kishko_2011",-1.29775380298736,0.246374928331632,-5.26739393401477,1.38374061758138e-07
"reported.exposure_HSX:FTM34","Omitting Kishko_2011",-0.591519818053845,0.231360414990109,-2.55670278806828,0.0105669459499637
"reported.exposure_HSX:nodirection34","Omitting Kishko_2011",0.560904920387604,0.603305875558872,0.929718975251168,0.352516607185415
"reported.exposure_MSM34","Omitting Kishko_2011",0.478522877418399,0.210768166152115,2.27037548484927,0.0231848106136403
"reported.exposure_MTC:IntraP34","Omitting Kishko_2011",0.229193385402657,0.412261254314545,0.555942094979872,0.578250440190841
"reported.exposure_MTC:notiming34","Omitting Kishko_2011",-0.228340143500354,0.49954266836397,-0.457098378098874,0.647600336007379
"reported.exposure_MTC:PostP34","Omitting Kishko_2011",-0.218988144065001,0.931470297776666,-0.235099438584038,0.814131554431422
"reported.exposure_MTC:PreP34","Omitting Kishko_2011",-0.280854963752364,0.389534074495811,-0.72100230028884,0.470908099467453
"reported.exposure_PWID34","Omitting Kishko_2011",0.784213882948135,0.330467993015184,2.3730403534484,0.0176423363272122
"(Intercept)35","Omitting Herbeck_2011",-1.28944230048116,0.245649094826513,-5.24912294666429,1.52825057898238e-07
"reported.exposure_HSX:FTM35","Omitting Herbeck_2011",-0.59611356908857,0.231206592200639,-2.57827237283645,0.00992956960117371
"reported.exposure_HSX:nodirection35","Omitting Herbeck_2011",0.55432670944016,0.602555936293223,0.919958921739687,0.357594226007769
"reported.exposure_MSM35","Omitting Herbeck_2011",0.480158491247557,0.21057697018602,2.28020419717975,0.0225955805307693
"reported.exposure_MTC:IntraP35","Omitting Herbeck_2011",0.290329508886986,0.393376923597366,0.738044078010401,0.46048766441458
"reported.exposure_MTC:notiming35","Omitting Herbeck_2011",-0.219933434071899,0.49863749920745,-0.441068781271902,0.659163203491816
"reported.exposure_MTC:PostP35","Omitting Herbeck_2011",-0.246414154564236,0.928735786386618,-0.265322127322073,0.790761320022561
"reported.exposure_MTC:PreP35","Omitting Herbeck_2011",-0.266488107622747,0.388094748938433,-0.686657339094848,0.492298686259512
"reported.exposure_PWID35","Omitting Herbeck_2011",0.788299314657482,0.3298951799371,2.38954480877163,0.0168692659251735
"(Intercept)36","Omitting Kiwelu_2012",-1.30665496575767,0.248384830263791,-5.26060695562594,1.43580656077116e-07
"reported.exposure_HSX:FTM36","Omitting Kiwelu_2012",-0.58638227444849,0.232541690664255,-2.52162213482447,0.0116815115399242
"reported.exposure_HSX:nodirection36","Omitting Kiwelu_2012",0.576915760254854,0.605707184339107,0.952466431258087,0.340860482580257
"reported.exposure_MSM36","Omitting Kiwelu_2012",0.493543828841346,0.217474848685432,2.26942946195694,0.023242222246776
"reported.exposure_MTC:IntraP36","Omitting Kiwelu_2012",0.294659388397103,0.398274463668069,0.739840023091911,0.459397070634267
"reported.exposure_MTC:notiming36","Omitting Kiwelu_2012",-0.210793873358365,0.503573376278205,-0.418596143656947,0.675511308401603
"reported.exposure_MTC:PostP36","Omitting Kiwelu_2012",-0.225669466876609,0.936607849164082,-0.240943386368177,0.809598995037893
"reported.exposure_MTC:PreP36","Omitting Kiwelu_2012",-0.25351298869725,0.396595052437023,-0.639223780376096,0.522677364120059
"reported.exposure_PWID36","Omitting Kiwelu_2012",0.803387820495076,0.33686829146589,2.38487219144051,0.0170850558491926
"(Intercept)37","Omitting Sturdevant_2012",-1.24834260599461,0.241523768052879,-5.16861183501122,2.35839147620139e-07
"reported.exposure_HSX:FTM37","Omitting Sturdevant_2012",-0.59143690566188,0.230625543619621,-2.56449002300178,0.0103327549933703
"reported.exposure_HSX:nodirection37","Omitting Sturdevant_2012",0.559474470505231,0.599621900276715,0.933045424536768,0.350796515423034
"reported.exposure_MSM37","Omitting Sturdevant_2012",0.462992747551977,0.206792770386593,2.23892134471832,0.0251610343994693
"reported.exposure_MTC:IntraP37","Omitting Sturdevant_2012",0.303776066699772,0.386941356974445,0.785070040264099,0.432412504303239
"reported.exposure_MTC:notiming37","Omitting Sturdevant_2012",0.492789425980231,0.564833717730485,0.872450440742579,0.382962693403081
"reported.exposure_MTC:PostP37","Omitting Sturdevant_2012",-0.176278665013993,0.917041949795916,-0.192225301201568,0.847565727960109
"reported.exposure_MTC:PreP37","Omitting Sturdevant_2012",-0.209564206139672,0.380679786097701,-0.550499957688555,0.581976505899335
"reported.exposure_PWID37","Omitting Sturdevant_2012",0.748121967828572,0.322961621826127,2.31644231781614,0.0205341304557027
"(Intercept)38","Omitting Rossenkhan_2012",-1.2950804495099,0.244199341538408,-5.30337404413601,1.13681651501006e-07
"reported.exposure_HSX:FTM38","Omitting Rossenkhan_2012",-0.598919857709827,0.230868589036231,-2.59420244308694,0.00948106423646035
"reported.exposure_HSX:nodirection38","Omitting Rossenkhan_2012",0.52186519166362,0.601508551523333,0.867593969099834,0.385616649158263
"reported.exposure_MSM38","Omitting Rossenkhan_2012",0.453006312465413,0.209205097641113,2.16536937949062,0.0303594090612392
"reported.exposure_MTC:IntraP38","Omitting Rossenkhan_2012",0.283955540546921,0.390642696325045,0.726893253651536,0.467291350260953
"reported.exposure_MTC:notiming38","Omitting Rossenkhan_2012",-0.243130082820745,0.494104781820944,-0.492061788847151,0.62267566380359
"reported.exposure_MTC:PostP38","Omitting Rossenkhan_2012",-0.255055172828402,0.924636330219008,-0.275843771754014,0.782668062454795
"reported.exposure_MTC:PreP38","Omitting Rossenkhan_2012",-0.298352352920855,0.385056283810947,-0.774827902996483,0.438441358958197
"reported.exposure_PWID38","Omitting Rossenkhan_2012",0.755440920156619,0.327014578450934,2.31011389074805,0.0208818496044935
"(Intercept)39","Omitting Baalwa_2013",-1.33776367290028,0.251849384310133,-5.31176074368692,1.08571085940385e-07
"reported.exposure_HSX:FTM39","Omitting Baalwa_2013",-0.571568465913514,0.232170921102384,-2.46184346945611,0.0138224977820618
"reported.exposure_HSX:nodirection39","Omitting Baalwa_2013",0.586152417289574,0.603684994346593,0.970957407884562,0.331569488688279
"reported.exposure_MSM39","Omitting Baalwa_2013",0.515655523941377,0.214219700281781,2.40713399964192,0.0160782692285867
"reported.exposure_MTC:IntraP39","Omitting Baalwa_2013",0.304020981234087,0.392902398071719,0.773782452655309,0.439059451008437
"reported.exposure_MTC:notiming39","Omitting Baalwa_2013",-0.20800152582609,0.498035857070743,-0.417643675396137,0.676207659003079
"reported.exposure_MTC:PostP39","Omitting Baalwa_2013",-0.216006473950814,0.926979624746763,-0.233021814271078,0.815744466643886
"reported.exposure_MTC:PreP39","Omitting Baalwa_2013",-0.239089028632753,0.387486406268155,-0.617025590485606,0.537217846609716
"reported.exposure_PWID39","Omitting Baalwa_2013",0.813256634837348,0.330200040989655,2.46292105960952,0.0137810253809923
"(Intercept)40","Omitting Frange_2013",-1.30558997842295,0.242267229857623,-5.38904902322212,7.08314843851016e-08
"reported.exposure_HSX:FTM40","Omitting Frange_2013",-0.588178291858547,0.230727821907634,-2.54923002781177,0.0107961064124158
"reported.exposure_HSX:nodirection40","Omitting Frange_2013",0.487849793217448,0.601472434515626,0.811092520990293,0.417312540515589
"reported.exposure_MSM40","Omitting Frange_2013",0.479778827253577,0.208061670873569,2.30594527689399,0.0211136902704098
"reported.exposure_MTC:IntraP40","Omitting Frange_2013",0.235085398892151,0.38700130906676,0.607453756316874,0.543549822897758
"reported.exposure_MTC:notiming40","Omitting Frange_2013",-0.270512729483058,0.486995071626627,-0.555473238321509,0.578571010050954
"reported.exposure_MTC:PostP40","Omitting Frange_2013",-0.362266708638637,0.918478467798272,-0.394420469656783,0.693270633549872
"reported.exposure_MTC:PreP40","Omitting Frange_2013",-0.332112415340954,0.379209467692799,-0.875802013492978,0.381137675275561
"reported.exposure_PWID40","Omitting Frange_2013",0.758417064451761,0.323683971601778,2.34307883921057,0.0191253412470893
"(Intercept)41","Omitting Chaillon_2014",-1.28926846144578,0.245571480621405,-5.25007406472182,1.52038067406942e-07
"reported.exposure_HSX:FTM41","Omitting Chaillon_2014",-0.592125269145,0.230961621680611,-2.56373879277584,0.0103551442133928
"reported.exposure_HSX:nodirection41","Omitting Chaillon_2014",0.534766285075213,0.602404711845981,0.887719293291216,0.374691765176547
"reported.exposure_MSM41","Omitting Chaillon_2014",0.467741918845059,0.209767858085793,2.2298073838069,0.0257602329970786
"reported.exposure_MTC:IntraP41","Omitting Chaillon_2014",0.323915527856519,0.403409059341624,0.802945596673409,0.422006179919784
"reported.exposure_MTC:notiming41","Omitting Chaillon_2014",-0.249792077814423,0.496222247193073,-0.503387502731679,0.614691856361333
"reported.exposure_MTC:PostP41","Omitting Chaillon_2014",-0.278864749734005,0.92757947501662,-0.300637042156424,0.76369128185196
"reported.exposure_MTC:PreP41","Omitting Chaillon_2014",-0.204130307501159,0.3937486291277,-0.518427982729447,0.604159695090043
"reported.exposure_PWID41","Omitting Chaillon_2014",0.77605589940724,0.328318394511047,2.36372957586794,0.0180920133121138
"(Intercept)42","Omitting Sterrett_2014",-1.30203645359223,0.249978567127784,-5.20859235474639,1.90278635831212e-07
"reported.exposure_HSX:FTM42","Omitting Sterrett_2014",-0.5823436835375,0.230817925395959,-2.52295692606418,0.0116372654505612
"reported.exposure_HSX:nodirection42","Omitting Sterrett_2014",0.526976285743998,0.60183479047322,0.875616189169853,0.381238721407053
"reported.exposure_MSM42","Omitting Sterrett_2014",0.486905948668752,0.209250924499895,2.32689986833964,0.0199705952242291
"reported.exposure_MTC:IntraP42","Omitting Sterrett_2014",0.322837233456578,0.391225201481329,0.825195391897536,0.409260669186551
"reported.exposure_MTC:notiming42","Omitting Sterrett_2014",-0.260440692209556,0.495550868119365,-0.525557937569433,0.599195388234022
"reported.exposure_MTC:PostP42","Omitting Sterrett_2014",-0.204503194591341,0.924694438374612,-0.221157591204731,0.824969728960222
"reported.exposure_MTC:PreP42","Omitting Sterrett_2014",-0.287801892431198,0.384824723883335,-0.747877863789358,0.454533830752173
"reported.exposure_PWID42","Omitting Sterrett_2014",1.02218053418244,0.374036116304853,2.73283912869346,0.00627909927719069
"(Intercept)43","Omitting Wagner_2014",-1.29524963787353,0.236797716106264,-5.46985696978718,4.50398905289304e-08
"reported.exposure_HSX:FTM43","Omitting Wagner_2014",-0.574809478361361,0.229885201726188,-2.50041966183629,0.0124046264492792
"reported.exposure_HSX:nodirection43","Omitting Wagner_2014",0.513617041644979,0.597653702781713,0.859389039596685,0.390125914646478
"reported.exposure_MSM43","Omitting Wagner_2014",0.456342011813416,0.20264109863041,2.25197166269673,0.0243240628252419
"reported.exposure_MTC:IntraP43","Omitting Wagner_2014",0.273771563775193,0.378587017703811,0.723140390380156,0.469593636763273
"reported.exposure_MTC:notiming43","Omitting Wagner_2014",-0.344162034896007,0.48512127807002,-0.709435043264238,0.478054547727868
"reported.exposure_MTC:PostP43","Omitting Wagner_2014",-0.25453292114035,0.903470369677567,-0.281728023057567,0.778152065192897
"reported.exposure_MTC:PreP43","Omitting Wagner_2014",-0.244399150925634,0.369027271322838,-0.662279375856278,0.5077921919045
"reported.exposure_PWID43","Omitting Wagner_2014",0.769845493619991,0.320410690924768,2.40268354154497,0.016275264910776
"(Intercept)44","Omitting Danaviah_2015",-1.29575228878363,0.246550715437521,-5.25552029522293,1.47606573815736e-07
"reported.exposure_HSX:FTM44","Omitting Danaviah_2015",-0.591876241096245,0.231286068987865,-2.55906567864794,0.0104953910467894
"reported.exposure_HSX:nodirection44","Omitting Danaviah_2015",0.552913507330602,0.602885622593167,0.917111781422782,0.359084068033708
"reported.exposure_MSM44","Omitting Danaviah_2015",0.475882713119716,0.210589975423568,2.2597595738475,0.0238361766677904
"reported.exposure_MTC:IntraP44","Omitting Danaviah_2015",0.287421184400366,0.394372331981037,0.728806665915362,0.466119933448134
"reported.exposure_MTC:notiming44","Omitting Danaviah_2015",-0.227159347292714,0.499170349116395,-0.455073799344892,0.649056146679048
"reported.exposure_MTC:PreP44","Omitting Danaviah_2015",-0.269381146732972,0.389104745058458,-0.69231010455167,0.488742605833626
"reported.exposure_PWID44","Omitting Danaviah_2015",0.783581928652379,0.330291837225509,2.37239265503672,0.0176732977529143
"grouped.method_distance","Omitting Danaviah_2015",0.376179479180928,0.334602552667102,1.12425764891038,0.260903739356326
"(Intercept)45","Omitting Janes_2015",-1.36347186838799,0.254374339764874,-5.3600998813335,8.31759522237768e-08
"reported.exposure_HSX:FTM45","Omitting Janes_2015",-0.666554908854486,0.277549673711745,-2.40156978007025,0.0163248951806911
"reported.exposure_HSX:nodirection45","Omitting Janes_2015",0.546847158931646,0.604181222418572,0.905104525994015,0.365410014605798
"reported.exposure_MSM45","Omitting Janes_2015",0.507317387799034,0.214224222105246,2.36816071877154,0.0178767682914297
"reported.exposure_MTC:IntraP45","Omitting Janes_2015",0.312720457158588,0.394796397485508,0.792105650280324,0.42829907578123
"reported.exposure_MTC:notiming45","Omitting Janes_2015",-0.192356375114287,0.497367424930022,-0.386749042001195,0.698942005622934
"reported.exposure_MTC:PostP44","Omitting Janes_2015",-0.209335695678604,0.929057358667901,-0.225320529163833,0.821729930295255
"reported.exposure_MTC:PreP45","Omitting Janes_2015",-0.325626952363658,0.390663641215434,-0.833522544740961,0.40455008845253
"reported.exposure_PWID45","Omitting Janes_2015",0.789318228349709,0.331470759192268,2.38126050778394,0.017253505670084
"(Intercept)46","Omitting Gounder_2015",-1.2967289784004,0.248040319733561,-5.22789593156999,1.71449963075488e-07
"reported.exposure_HSX:FTM46","Omitting Gounder_2015",-0.60913315189557,0.237837211167532,-2.56113477325673,0.0104330874312679
"reported.exposure_HSX:nodirection46","Omitting Gounder_2015",0.551445751847424,0.603106295274872,0.914342556474389,0.360536875620181
"reported.exposure_MSM46","Omitting Gounder_2015",0.468403585305118,0.211588921257044,2.21374343478073,0.026846433202125
"reported.exposure_MTC:IntraP46","Omitting Gounder_2015",0.278349079589857,0.396008189318431,0.702887180360898,0.482126060895179
"reported.exposure_MTC:notiming46","Omitting Gounder_2015",-0.278714427935284,0.503025009171472,-0.554076681782388,0.579526367759068
"reported.exposure_MTC:PostP45","Omitting Gounder_2015",-0.22367620550892,0.932326434303839,-0.239911899179323,0.810398556010187
"reported.exposure_MTC:PreP46","Omitting Gounder_2015",-0.2779914942959,0.392250513758621,-0.708709063583195,0.47850503916746
"reported.exposure_PWID46","Omitting Gounder_2015",0.7702789237035,0.331042278575521,2.32682945217154,0.0199743441973643
"(Intercept)47","Omitting Chen_2015",-1.28094181737707,0.24653243511928,-5.19583484727804,2.03803133538249e-07
"reported.exposure_HSX:FTM47","Omitting Chen_2015",-0.587991032947866,0.230913967438895,-2.54636408299321,0.0108851591688718
"reported.exposure_HSX:nodirection47","Omitting Chen_2015",0.547084180156026,0.602034424130597,0.908725744289582,0.363494911362459
"reported.exposure_MSM47","Omitting Chen_2015",0.51712406083076,0.21095070367751,2.45139765744186,0.014230264668748
"reported.exposure_MTC:IntraP47","Omitting Chen_2015",0.305336696564366,0.390799997417891,0.781311920628962,0.434619060678847
"reported.exposure_MTC:notiming47","Omitting Chen_2015",-0.267254794691828,0.4950862527301,-0.539814614560755,0.589324887303526
"reported.exposure_MTC:PostP46","Omitting Chen_2015",-0.216658960312461,0.924074383160116,-0.234460519911329,0.814627479570213
"reported.exposure_MTC:PreP47","Omitting Chen_2015",-0.276392950742661,0.384658068119065,-0.718541930224398,0.472423203868517
"reported.exposure_PWID47","Omitting Chen_2015",0.763656267867693,0.327530034083585,2.33156104295708,0.0197237952580752
"(Intercept)48","Omitting Zanini_2015",-1.30974933429729,0.246940716271379,-5.30390190031653,1.13353243903812e-07
"reported.exposure_HSX:FTM48","Omitting Zanini_2015",-0.585156086870874,0.231465460674844,-2.52804926128,0.0114698257466658
"reported.exposure_HSX:nodirection48","Omitting Zanini_2015",0.542111545448795,0.602572064000945,0.899662592801423,0.36829983611327
"reported.exposure_MSM48","Omitting Zanini_2015",0.466749232527501,0.210980801103989,2.21228296643658,0.0269471192992244
"reported.exposure_MTC:IntraP48","Omitting Zanini_2015",0.286682210911797,0.394100906218433,0.727433523720196,0.466960424359914
"reported.exposure_MTC:notiming48","Omitting Zanini_2015",-0.239224737170121,0.498346286747623,-0.480037161973017,0.631200968687665
"reported.exposure_MTC:PostP47","Omitting Zanini_2015",-0.237124613639699,0.930015114351946,-0.254968559091572,0.79874738304473
"reported.exposure_MTC:PreP48","Omitting Zanini_2015",-0.281694090177571,0.388312026044746,-0.725432310317145,0.468186857260523
"reported.exposure_PWID48","Omitting Zanini_2015",0.772637290797323,0.329697430929604,2.34347379844247,0.019105104112301
"(Intercept)49","Omitting Le_2015",-1.30159738949888,0.244611870956037,-5.32107204941341,1.0315753428202e-07
"reported.exposure_HSX:FTM49","Omitting Le_2015",-0.590284294905341,0.231041478583529,-2.55488451045354,0.0106223035405152
"reported.exposure_HSX:nodirection49","Omitting Le_2015",0.537386205661272,0.601839710946937,0.892905861621772,0.371907587829569
"reported.exposure_MSM49","Omitting Le_2015",0.472148405978771,0.209290318604237,2.25594957821051,0.0240737890751469
"reported.exposure_MTC:IntraP49","Omitting Le_2015",0.256807617117977,0.392467635259654,0.654340878192605,0.512892215131593
"reported.exposure_MTC:notiming49","Omitting Le_2015",-0.271675808305539,0.494472592385339,-0.549425413034468,0.582713537972206
"reported.exposure_MTC:PostP48","Omitting Le_2015",-0.29216587312884,0.925781498843429,-0.31558836884712,0.752314967160078
"reported.exposure_MTC:PreP49","Omitting Le_2015",-0.264473459999156,0.385042753259778,-0.686867777045848,0.492166054298648
"reported.exposure_PWID49","Omitting Le_2015",0.848016595759461,0.333749623126476,2.54087656434027,0.0110574949503527
"(Intercept)50","Omitting Deymier_2015",-1.29580631757944,0.245151217820928,-5.28574293490137,1.25195602375938e-07
"reported.exposure_HSX:FTM50","Omitting Deymier_2015",-0.58300045479832,0.231351207791636,-2.51998016506313,0.0117361447479882
"reported.exposure_HSX:nodirection50","Omitting Deymier_2015",0.543754229599231,0.602130844870868,0.903049950407114,0.36649938519513
"reported.exposure_MSM50","Omitting Deymier_2015",0.469737208733317,0.209926089257417,2.23763139872201,0.0252451022317747
"reported.exposure_MTC:IntraP50","Omitting Deymier_2015",0.288575064288662,0.392464619267451,0.735289374179252,0.462163278145374
"reported.exposure_MTC:notiming50","Omitting Deymier_2015",-0.228946061006576,0.496949894792699,-0.460702504227474,0.645012058113782
"reported.exposure_MTC:PostP49","Omitting Deymier_2015",-0.246895328996697,0.927444071529673,-0.266210477349305,0.790077114329542
"reported.exposure_MTC:PreP50","Omitting Deymier_2015",-0.277308839649854,0.386821699484023,-0.716890598484399,0.473441603444316
"reported.exposure_PWID50","Omitting Deymier_2015",0.778750338902066,0.328583592484022,2.37002198744886,0.0177870274468198
"(Intercept)51","Omitting Tully_2016",-1.32333140833019,0.251690711486377,-5.25776815725606,1.45814183486031e-07
"reported.exposure_HSX:FTM51","Omitting Tully_2016",-0.595209353034243,0.231701896158797,-2.56885836025405,0.0102034152500552
"reported.exposure_HSX:nodirection51","Omitting Tully_2016",0.69712769082087,0.625345499186075,1.11478805193005,0.264941257718143
"reported.exposure_MSM51","Omitting Tully_2016",0.484303321448639,0.214716942535469,2.25554311518122,0.0240992591916006
"reported.exposure_MTC:IntraP51","Omitting Tully_2016",0.302920009086797,0.39858215187708,0.759993912572924,0.447258223611567
"reported.exposure_MTC:notiming51","Omitting Tully_2016",-0.195162564989234,0.503581536770389,-0.387549087365011,0.698349752061528
"reported.exposure_MTC:PostP50","Omitting Tully_2016",-0.21524326437691,0.936261318824591,-0.229896568457119,0.818172142893915
"reported.exposure_MTC:PreP51","Omitting Tully_2016",-0.273430882369295,0.393811129617896,-0.69431984473013,0.48748164854901
"reported.exposure_PWID51","Omitting Tully_2016",0.815948679381607,0.336160188797807,2.42726148595895,0.0152132864781794
"(Intercept)52","Omitting Novitsky_2016",-1.28634636187388,0.243737082229004,-5.2775980991899,1.30888138662116e-07
"reported.exposure_HSX:FTM52","Omitting Novitsky_2016",-0.644240587246596,0.233773904922448,-2.75582763379991,0.00585438392043195
"reported.exposure_HSX:nodirection52","Omitting Novitsky_2016",0.514298593785213,0.601862240080602,0.854512145032287,0.392821283020105
"reported.exposure_MSM52","Omitting Novitsky_2016",0.450334134666927,0.208985386715745,2.15485944612699,0.0311728346935654
"reported.exposure_MTC:IntraP52","Omitting Novitsky_2016",0.272137788484883,0.390097279312806,0.697615192200982,0.485417878074885
"reported.exposure_MTC:notiming52","Omitting Novitsky_2016",-0.275597612498153,0.495353434457719,-0.556365603480391,0.577960947897481
"reported.exposure_MTC:PostP51","Omitting Novitsky_2016",-0.256287278947313,0.922869729678928,-0.277706886145759,0.781237374073332
"reported.exposure_MTC:PreP52","Omitting Novitsky_2016",-0.29420423102112,0.38392125666506,-0.766313992553396,0.443489494503901
"reported.exposure_PWID52","Omitting Novitsky_2016",0.747921975173084,0.327311111194131,2.28504914619133,0.022309946178419
"(Intercept)53","Omitting Chaillon_2016",-1.24573889649132,0.244118869640775,-5.1030012482216,3.34308796667151e-07
"reported.exposure_HSX:FTM53","Omitting Chaillon_2016",-0.593596886841841,0.230493122722932,-2.57533448212849,0.0100143191040338
"reported.exposure_HSX:nodirection53","Omitting Chaillon_2016",0.585644994454859,0.597417177295857,0.980294870505258,0.326940586007645
"reported.exposure_MSM53","Omitting Chaillon_2016",0.379368221379276,0.211490389933387,1.79378467976141,0.0728475431667202
"reported.exposure_MTC:IntraP53","Omitting Chaillon_2016",0.384324831247167,0.390421876184068,0.984383444399958,0.324927015051103
"reported.exposure_MTC:notiming53","Omitting Chaillon_2016",-0.263491876816069,0.495993263956743,-0.531240837252677,0.595251897393404
"reported.exposure_MTC:PostP52","Omitting Chaillon_2016",-0.0336890192781249,0.922947709574922,-0.0365015470850899,0.970882445137418
"reported.exposure_MTC:PreP53","Omitting Chaillon_2016",-0.196876366266558,0.382520924028454,-0.514681299504322,0.606775743255239
"reported.exposure_PWID53","Omitting Chaillon_2016",0.787423691965794,0.334150552841473,2.35649375788812,0.0184483776998996
"(Intercept)54","Omitting Smith_2016",-1.16562022895001,0.246310216859184,-4.73232594170625,2.219616153168e-06
"reported.exposure_HSX:FTM54","Omitting Smith_2016",-0.561529157404456,0.231867310820778,-2.42176939654289,0.0154451482223648
"reported.exposure_HSX:nodirection54","Omitting Smith_2016",0.496355111913335,0.598776010341821,0.828949562675336,0.407132948195141
"reported.exposure_MSM54","Omitting Smith_2016",0.418236495496063,0.206590787932103,2.02446827219381,0.0429219933026866
"reported.exposure_MTC:IntraP54","Omitting Smith_2016",0.260844674004872,0.383753346209143,0.679719607872068,0.496682018149561
"reported.exposure_MTC:notiming54","Omitting Smith_2016",-0.343395937795847,0.48758492535895,-0.704279234110952,0.481258895786409
"reported.exposure_MTC:PostP53","Omitting Smith_2016",-0.303920547952181,0.912861223490549,-0.33293181935154,0.739185749920869
"reported.exposure_MTC:PreP54","Omitting Smith_2016",-0.276206999681791,0.375751857140417,-0.735078202364208,0.4622918686711
"reported.exposure_PWID54","Omitting Smith_2016",0.712623171754062,0.321757104597776,2.21478612770618,0.0267747478408553
"(Intercept)55","Omitting Oberle_2016",-1.30174325606243,0.244390740769895,-5.32648353191122,1.00132354051435e-07
"reported.exposure_HSX:FTM55","Omitting Oberle_2016",-0.589917191278909,0.231047900655995,-2.55322463265845,0.0106730636685599
"reported.exposure_HSX:nodirection55","Omitting Oberle_2016",0.540988755290053,0.601938137164962,0.898744774401616,0.368788622011577
"reported.exposure_MSM55","Omitting Oberle_2016",0.486650318614295,0.209429731030531,2.32369261145329,0.0201419747477209
"reported.exposure_MTC:IntraP55","Omitting Oberle_2016",0.263482535481475,0.391772528163577,0.672539590043596,0.501240245140493
"reported.exposure_MTC:notiming55","Omitting Oberle_2016",-0.270403167098992,0.494599611165636,-0.54671124075841,0.584577130373171
"reported.exposure_MTC:PostP54","Omitting Oberle_2016",-0.277674790841576,0.924646455212358,-0.300303742339881,0.763945478926381
"reported.exposure_MTC:PreP55","Omitting Oberle_2016",-0.268147951466662,0.384443043100472,-0.697497213902198,0.48549168237653
"reported.exposure_PWID55","Omitting Oberle_2016",0.776035855985828,0.327313432471768,2.37092578243872,0.0177435936381907
"(Intercept)56","Omitting Lyer_2017",-1.3010955902642,0.245984436536847,-5.28934110052652,1.22757774031334e-07
"reported.exposure_HSX:FTM56","Omitting Lyer_2017",-0.583088451975009,0.231418986942798,-2.51962235112167,0.011748080313251
"reported.exposure_HSX:nodirection56","Omitting Lyer_2017",0.546146327715824,0.601809383003799,0.907507166122694,0.364138661656989
"reported.exposure_MSM56","Omitting Lyer_2017",0.463126128220324,0.209936492699458,2.20602965337393,0.0273819235194146
"reported.exposure_MTC:IntraP56","Omitting Lyer_2017",0.283253002339643,0.392092030338475,0.722414587450614,0.47003962096029
"reported.exposure_MTC:notiming56","Omitting Lyer_2017",-0.237827974097062,0.496086501761374,-0.479408275074296,0.631648207684656
"reported.exposure_MTC:PostP55","Omitting Lyer_2017",-0.245713092700791,0.926118363578672,-0.265314998993558,0.790766810902124
"reported.exposure_MTC:PreP56","Omitting Lyer_2017",-0.27024429470329,0.386258917730826,-0.699645451012257,0.484148750552081
"reported.exposure_PWID56","Omitting Lyer_2017",0.776607133804875,0.328139725421304,2.36669648213966,0.0179476448168739
"(Intercept)57","Omitting deCamp_2017",-1.31965615977997,0.247498954177772,-5.33196661038049,9.71548055622965e-08
"reported.exposure_HSX:FTM57","Omitting deCamp_2017",-0.58557878366412,0.231776501144252,-2.5264803842201,0.0115211822128218
"reported.exposure_HSX:nodirection57","Omitting deCamp_2017",0.569099668442133,0.603292021763021,0.943323710429708,0.345515351661419
"reported.exposure_MSM57","Omitting deCamp_2017",0.503603100523039,0.213785149982533,2.35565052373463,0.0184903040914013
"reported.exposure_MTC:IntraP57","Omitting deCamp_2017",0.288128176984337,0.394261723851301,0.730804335175602,0.464898675214366
"reported.exposure_MTC:notiming57","Omitting deCamp_2017",-0.266261057156849,0.505789779814042,-0.526426329244418,0.598592026073833
"reported.exposure_MTC:PostP56","Omitting deCamp_2017",-0.215688576118706,0.929777387212838,-0.23197872854842,0.816554535341989
"reported.exposure_MTC:PreP57","Omitting deCamp_2017",-0.23836378137804,0.390804472014183,-0.609931048510082,0.541907484017918
"reported.exposure_PWID57","Omitting deCamp_2017",0.778541066045825,0.329917466606408,2.35980554183458,0.0182845167624227
"(Intercept)58","Omitting Dukhovlinova_2018",-1.3025016996298,0.245419036542633,-5.30725618509032,1.11287715644859e-07
"reported.exposure_HSX:FTM58","Omitting Dukhovlinova_2018",-0.589267829675368,0.23097858344791,-2.55117951144703,0.0107359013074145
"reported.exposure_HSX:nodirection58","Omitting Dukhovlinova_2018",0.550068300809342,0.601955605820579,0.913802106817322,0.360820839209393
"reported.exposure_MSM58","Omitting Dukhovlinova_2018",0.474765017678336,0.209437220136772,2.26686076795849,0.0233987325013763
"reported.exposure_MTC:IntraP58","Omitting Dukhovlinova_2018",0.284382902072852,0.391316648852814,0.726733459735359,0.467389252045756
"reported.exposure_MTC:notiming58","Omitting Dukhovlinova_2018",-0.200758688338319,0.497658061894044,-0.403406884587076,0.686648922906782
"reported.exposure_MTC:PostP57","Omitting Dukhovlinova_2018",-0.248867587430296,0.927338399799696,-0.268367607212266,0.788416370948195
"reported.exposure_MTC:PreP58","Omitting Dukhovlinova_2018",-0.287594162400914,0.385886520124901,-0.745281701749591,0.456101440574157
"reported.exposure_PWID58","Omitting Dukhovlinova_2018",0.855241365275785,0.332960966677561,2.56859347151043,0.0102112169538938
"(Intercept)59","Omitting Ashokkumar_2018",-1.29853068812238,0.245437915504104,-5.29066866240014,1.21869975600356e-07
"reported.exposure_HSX:FTM59","Omitting Ashokkumar_2018",-0.590849189189188,0.231129618907498,-2.55635427420341,0.0105775365585284
"reported.exposure_HSX:nodirection59","Omitting Ashokkumar_2018",0.549021530748887,0.602181926100522,0.911720373781592,0.361915936066555
"reported.exposure_MSM59","Omitting Ashokkumar_2018",0.474455142239312,0.209868423185981,2.26072667358281,0.0237761876836713
"reported.exposure_MTC:IntraP59","Omitting Ashokkumar_2018",0.283811542559556,0.393180953810228,0.721834411888985,0.470396289715442
"reported.exposure_MTC:notiming59","Omitting Ashokkumar_2018",-0.310201724734486,0.557474007550376,-0.556441592851224,0.57790901203008
"reported.exposure_MTC:PostP58","Omitting Ashokkumar_2018",-0.243330244431067,0.927087165079316,-0.262467493453271,0.792961043562428
"reported.exposure_MTC:PreP59","Omitting Ashokkumar_2018",-0.265598915360997,0.387111144194248,-0.686105061412861,0.492646859450585
"reported.exposure_PWID59","Omitting Ashokkumar_2018",0.779063740620932,0.328871809069898,2.36889790834991,0.0178411774519751
"(Intercept)60","Omitting Todesco_2019",-1.30670515265315,0.245961084560141,-5.31264998684633,1.08042435246875e-07
"reported.exposure_HSX:FTM60","Omitting Todesco_2019",-0.58358462028579,0.231483276509431,-2.52106600997594,0.0116999901447594
"reported.exposure_HSX:nodirection60","Omitting Todesco_2019",0.56222851469028,0.602270383584908,0.933515128776073,0.350554062920023
"reported.exposure_MSM60","Omitting Todesco_2019",0.46818044566043,0.210444032245279,2.22472664425452,0.0260995944739277
"reported.exposure_MTC:IntraP60","Omitting Todesco_2019",0.323439484289478,0.394261249622236,0.820368434887741,0.41200610422318
"reported.exposure_MTC:notiming60","Omitting Todesco_2019",-0.212025157650503,0.499123325249057,-0.424795129629947,0.670986028409748
"reported.exposure_MTC:PostP59","Omitting Todesco_2019",-0.1783198784951,0.929975474428995,-0.191746861501469,0.847940496832178
"reported.exposure_MTC:PreP60","Omitting Todesco_2019",-0.260937447393018,0.388640590111975,-0.671410691605417,0.501958935726729
"reported.exposure_PWID60","Omitting Todesco_2019",0.789154871269041,0.330480628333596,2.38790054124578,0.0169449268210106
"(Intercept)61","Omitting Tovanabutra_2019",-1.27816411038811,0.248438117822094,-5.14479871926658,2.67807794523425e-07
"reported.exposure_HSX:FTM61","Omitting Tovanabutra_2019",-0.602848192453084,0.231371166571586,-2.60554589141756,0.00917279846691501
"reported.exposure_HSX:nodirection61","Omitting Tovanabutra_2019",0.539656347431768,0.602677526783321,0.895431343378744,0.370556551852468
"reported.exposure_MSM61","Omitting Tovanabutra_2019",0.431261672277871,0.213366505246123,2.02122480180477,0.0432564993940699
"reported.exposure_MTC:IntraP61","Omitting Tovanabutra_2019",0.266444331929899,0.394791649144637,0.674898601597024,0.499740189038553
"reported.exposure_MTC:notiming61","Omitting Tovanabutra_2019",-0.229098653178388,0.499874410436977,-0.45831242487111,0.646727998865495
"reported.exposure_MTC:PostP60","Omitting Tovanabutra_2019",-0.27201278918494,0.930688185772024,-0.292270594322952,0.770079740049976
"reported.exposure_MTC:PreP61","Omitting Tovanabutra_2019",-0.269070429752655,0.389534274669414,-0.690749048927741,0.489723259710062
"reported.exposure_PWID61","Omitting Tovanabutra_2019",0.7774314265145,0.330446195200438,2.3526717444664,0.0186390800971941
"(Intercept)62","Omitting Sivay_2019",-1.30072047903815,0.244997222035687,-5.30912337793236,1.10153751117341e-07
"reported.exposure_HSX:FTM62","Omitting Sivay_2019",-0.590726487430942,0.230999150098457,-2.55726693011278,0.0105498228400557
"reported.exposure_HSX:nodirection62","Omitting Sivay_2019",0.532193433031985,0.602040775401935,0.883982372583785,0.376705728543694
"reported.exposure_MSM62","Omitting Sivay_2019",0.48021779505682,0.209762370988512,2.28934194819489,0.0220594922194435
"reported.exposure_MTC:IntraP62","Omitting Sivay_2019",0.318515435045675,0.392905209545282,0.810667375508459,0.417556713498407
"reported.exposure_MTC:notiming62","Omitting Sivay_2019",-0.1952571253091,0.497139600491692,-0.392761158266174,0.69449589515617
"reported.exposure_MTC:PostP61","Omitting Sivay_2019",-0.24386330109651,0.92575292567112,-0.26342158294528,0.792225657091984
"reported.exposure_MTC:PreP62","Omitting Sivay_2019",-0.305216399609337,0.387643959012574,-0.787362713936777,0.431069567114494
"reported.exposure_PWID62","Omitting Sivay_2019",0.705214623901055,0.333757433656771,2.11295555629866,0.0346045720378339
"(Intercept)63","Omitting Martinez_2020",-1.31177454381993,0.245651221897918,-5.33998786444077,9.29528035076971e-08
"reported.exposure_HSX:FTM63","Omitting Martinez_2020",-0.589592849444063,0.231193241278677,-2.55021663342388,0.0107656000667607
"reported.exposure_HSX:nodirection63","Omitting Martinez_2020",0.545747476983712,0.602196654413521,0.90626122377783,0.364797604363343
"reported.exposure_MSM63","Omitting Martinez_2020",0.482302019547262,0.210029276087832,2.29635614868076,0.0216555261011581
"reported.exposure_MTC:IntraP63","Omitting Martinez_2020",0.294636173415362,0.398756735945534,0.738887012696398,0.459975609215465
"reported.exposure_MTC:notiming63","Omitting Martinez_2020",-0.216039638839896,0.496981620185349,-0.434703478087026,0.663777673478505
"reported.exposure_MTC:PostP62","Omitting Martinez_2020",-0.243066118856659,0.927412085080135,-0.262090739129905,0.793251486400847
"reported.exposure_MTC:PreP63","Omitting Martinez_2020",-0.369928963310454,0.390487810207562,-0.947350861256898,0.343460021662142
"reported.exposure_PWID63","Omitting Martinez_2020",0.806818018137118,0.331451124882492,2.4341990645624,0.0149247845574753
"(Intercept)64","Omitting VillabonaArenas_2020",-1.22863070612405,0.245253223107144,-5.0096414251294,5.45315416629368e-07
"reported.exposure_HSX:FTM64","Omitting VillabonaArenas_2020",-0.626600533018763,0.231682657178162,-2.7045638229922,0.00683941297073131
"reported.exposure_HSX:nodirection64","Omitting VillabonaArenas_2020",-0.195190632789892,1.15355149924837,-0.169208425386359,0.865632702851781
"reported.exposure_MSM64","Omitting VillabonaArenas_2020",0.343597355101067,0.213037480548023,1.61284931748717,0.106777248547096
"reported.exposure_MTC:IntraP64","Omitting VillabonaArenas_2020",0.180313973647304,0.397833970920945,0.453239257647847,0.650376466708534
"reported.exposure_MTC:notiming64","Omitting VillabonaArenas_2020",-0.395016255205379,0.494962958768223,-0.798072357148554,0.424828501769086
"reported.exposure_MTC:PostP63","Omitting VillabonaArenas_2020",-0.372247970306957,0.935078219744557,-0.398092868004825,0.690561731380363
"reported.exposure_MTC:PreP64","Omitting VillabonaArenas_2020",-0.32497917909069,0.387835926466049,-0.837929539049907,0.402070277597185
"reported.exposure_PWID64","Omitting VillabonaArenas_2020",0.681261709449362,0.326052283283785,2.08942474681711,0.0366695055081288
"(Intercept)65","Omitting Leda_2020",-1.33839274430554,0.248401565929626,-5.38802055976053,7.12379047574939e-08
"reported.exposure_HSX:FTM65","Omitting Leda_2020",-0.568920596670445,0.232081085034453,-2.45138718041579,0.014230678925683
"reported.exposure_HSX:nodirection65","Omitting Leda_2020",0.580421404223595,0.604870358738645,0.959579843578327,0.337266717551174
"reported.exposure_MSM65","Omitting Leda_2020",0.536460894518364,0.214795093551812,2.49754724676223,0.0125055799217555
"reported.exposure_MTC:IntraP65","Omitting Leda_2020",0.308163655053385,0.394820558326287,0.780515726839921,0.435087374227241
"reported.exposure_MTC:notiming65","Omitting Leda_2020",-0.189054993425562,0.501268820317819,-0.377152908305159,0.706059974209581
"reported.exposure_MTC:PostP64","Omitting Leda_2020",-0.205071335845305,0.93160315685801,-0.220127351797457,0.825771973555996
"reported.exposure_MTC:PreP65","Omitting Leda_2020",-0.272163155595844,0.391505145839104,-0.695171336796922,0.486947932957399
"reported.exposure_PWID65","Omitting Leda_2020",0.774866820379731,0.340672829057067,2.2745189938524,0.0229348004200412
"(Intercept)66","Omitting Rolland_2020",-1.37291997265817,0.256087746956729,-5.36113105360778,8.27024896331043e-08
"reported.exposure_HSX:FTM66","Omitting Rolland_2020",-0.559050704197781,0.233599399221052,-2.39320266260086,0.0167020127012212
"reported.exposure_HSX:nodirection66","Omitting Rolland_2020",0.617090937716994,0.60796483328448,1.01501090841589,0.310100627678696
"reported.exposure_MSM66","Omitting Rolland_2020",0.571330577665333,0.225087302942318,2.53826213294557,0.0111404505793158
"reported.exposure_MTC:IntraP66","Omitting Rolland_2020",0.333214486511254,0.401387747861324,0.830156097904554,0.406450533340974
"reported.exposure_MTC:notiming66","Omitting Rolland_2020",-0.165932599620419,0.50937579538789,-0.32575674212015,0.744608409719713
"reported.exposure_MTC:PostP65","Omitting Rolland_2020",-0.164552301769096,0.940659641952394,-0.174932881597385,0.86113237285165
"reported.exposure_MTC:PreP66","Omitting Rolland_2020",-0.234452712029694,0.396829552665936,-0.590814646879549,0.554644620026211
"reported.exposure_PWID66","Omitting Rolland_2020",0.845969739902792,0.339221537837231,2.49385621354241,0.0126363721153994
"(Intercept)67","Omitting Macharia_2020",-1.29865707677846,0.24385533030036,-5.32552261695031,1.00663189348767e-07
"reported.exposure_HSX:FTM67","Omitting Macharia_2020",-0.59262192824897,0.230875313203825,-2.5668483997931,0.0102627469912826
"reported.exposure_HSX:nodirection67","Omitting Macharia_2020",0.514837980522591,0.60187387082564,0.855391811271596,0.392334275405732
"reported.exposure_MSM67","Omitting Macharia_2020",0.428128921914854,0.212389054106446,2.0157767720943,0.0438233235002591
"reported.exposure_MTC:IntraP67","Omitting Macharia_2020",0.268659270432087,0.390521711793099,0.6879496384427,0.491484496125419
"reported.exposure_MTC:notiming67","Omitting Macharia_2020",-0.299449592700086,0.499409083450273,-0.599607821770632,0.548767633116065
"reported.exposure_MTC:PostP66","Omitting Macharia_2020",-0.246061254468568,0.922820759956972,-0.26664035438479,0.789746081817947
"reported.exposure_MTC:PreP67","Omitting Macharia_2020",-0.283191701231761,0.383303741029897,-0.738817994499232,0.460017523527017
"reported.exposure_PWID67","Omitting Macharia_2020",0.762717698030369,0.327612544231482,2.32810895510598,0.0199063189139665
"(Intercept)68","Omitting Brooks_2020",-1.30580560616624,0.246035706092045,-5.30738252145289,1.1121063534307e-07
"reported.exposure_HSX:FTM68","Omitting Brooks_2020",-0.574111038891803,0.232003287666249,-2.47458147971462,0.0133392389476151
"reported.exposure_HSX:nodirection68","Omitting Brooks_2020",0.560914358183251,0.60318547526168,0.929920200647916,0.35241240302344
"reported.exposure_MSM68","Omitting Brooks_2020",0.489868356539435,0.212329309285425,2.30711604623988,0.0210483516416319
"reported.exposure_MTC:IntraP68","Omitting Brooks_2020",0.295214257838042,0.393326651839819,0.750557472922701,0.452919023022193
"reported.exposure_MTC:notiming68","Omitting Brooks_2020",-0.230359202198551,0.498084084415663,-0.462490590256064,0.643729548689599
"reported.exposure_MTC:PostP67","Omitting Brooks_2020",-0.230093850499297,0.928436727674447,-0.247829328203805,0.804266462026286
"reported.exposure_MTC:PreP68","Omitting Brooks_2020",-0.259181797093644,0.388497492146886,-0.667138919382396,0.504683402219879
"reported.exposure_PWID68","Omitting Brooks_2020",0.790645291919815,0.329814515931599,2.39724224898515,0.0165189984276514
"(Intercept)69","Omitting Liu_2020",-1.29887876993231,0.246145928290277,-5.27686474017379,1.31412808639581e-07
"reported.exposure_HSX:FTM69","Omitting Liu_2020",-0.589560058029807,0.231264779494139,-2.54928597134156,0.0107943745571199
"reported.exposure_HSX:nodirection69","Omitting Liu_2020",0.552530048889748,0.603016691161703,0.916276542570167,0.359521868077176
"reported.exposure_MSM69","Omitting Liu_2020",0.491011959479465,0.212179744954852,2.31413210334447,0.0206604769171388
"reported.exposure_MTC:IntraP69","Omitting Liu_2020",0.294603190319607,0.394295500426164,0.747163459895416,0.454964897759832
"reported.exposure_MTC:notiming69","Omitting Liu_2020",-0.232883130195811,0.498891978045722,-0.466800711264329,0.640642466931169
"reported.exposure_MTC:PostP68","Omitting Liu_2020",-0.230305086470401,0.930161191938392,-0.247596963264465,0.804446260546915
"reported.exposure_MTC:PreP69","Omitting Liu_2020",-0.273566072495628,0.388789577296419,-0.703635304212533,0.48165991951016
"reported.exposure_PWID69","Omitting Liu_2020",0.779192731428021,0.330206481304368,2.35971362024781,0.0182890476230468
